id,pval,batch,batch2
A15432,2.9e-8,1,1
B90969,0.06743,1,1
C18705,0.01514,1,1
B49731,0.08174,1,1
E99902,0.00171,1,1
C38292,3.6e-5,2,2
A30619,0.79149,2,2
D46627,0.27201,2,2
E29198,0.28295,2,2
A41418,7.59e-8,2,2
D51456,0.69274,2,2
C88669,0.30443,3,3
E03673,0.00136,3,3
A63155,0.72342,3,3
B66033,0.54757,3,3
